feature,importance_mean,importance_std
NumberOfTimes90DaysLate,0.09738034962847222,0.0032671049072184564
RevolvingUtilizationOfUnsecuredLines,0.07856161537130812,0.0024590761556575053
NumberOfTime30-59DaysPastDueNotWorse,0.037244408827863576,0.0006291852212480685
NumberOfTime60-89DaysPastDueNotWorse,0.03389811545794098,0.0013995643169644276
age,0.013852362758664184,0.0017930363996662964
NumberOfOpenCreditLinesAndLoans,0.011311805105957284,0.00187671725171531
DebtRatio,0.010663991530090122,0.0016095879822130138
NumberRealEstateLoansOrLines,0.004484373305583355,0.00018594620031778003
MonthlyIncome,0.003249078303478037,0.0023624201169412454
NumberOfDependents,-0.00028501617701889306,0.0008699766437104577
